"domain","category","hashtags","date"
"150526.net","Banking and Financial Services","","2022-05-18"
"1pinksale.finance","Banking and Financial Services","#finance","2022-05-18"
"2hourprofits.com","Banking and Financial Services","","2022-05-18"
"3m2n.net","Banking and Financial Services","","2022-05-18"
"3rdrow.media","Banking and Financial Services","#payment,#account","2022-05-18"
"5585518.com","Banking and Financial Services","","2022-05-18"
"600214789410358479841.xyz","Banking and Financial Services","#account","2022-05-18"
"666bej.xyz","Banking and Financial Services","#money","2022-05-18"
"666drr.xyz","Banking and Financial Services","#money","2022-05-18"
"666laz.xyz","Banking and Financial Services","#money","2022-05-18"
"666mkw.xyz","Banking and Financial Services","#money","2022-05-18"
"666oix.xyz","Banking and Financial Services","#money","2022-05-18"
"666olm.xyz","Banking and Financial Services","#money","2022-05-18"
"666opy.xyz","Banking and Financial Services","#money","2022-05-18"
"666qvv.xyz","Banking and Financial Services","#money","2022-05-18"
"666qys.xyz","Banking and Financial Services","#money","2022-05-18"
"666vkn.xyz","Banking and Financial Services","#money","2022-05-18"
"666wfw.xyz","Banking and Financial Services","#money","2022-05-18"
"666wjp.xyz","Banking and Financial Services","#money","2022-05-18"
"666yis.xyz","Banking and Financial Services","#money","2022-05-18"
"666ytv.xyz","Banking and Financial Services","#money","2022-05-18"
"666zoy.xyz","Banking and Financial Services","#money","2022-05-18"
"88i317connect-secure.net","Banking and Financial Services","#account","2022-05-18"
"91ewxyabt.xyz","Banking and Financial Services","#money,#payment,#insurance","2022-05-18"
"92fxwxyabt.xyz","Banking and Financial Services","#money,#payment,#insurance","2022-05-18"
"aarnoldzcredit.com","Banking and Financial Services","#finance,#bank","2022-05-18"
"abrarit.xyz","Banking and Financial Services","#account","2022-05-18"
"accdebit.online","Banking and Financial Services","#account","2022-05-18"
"access-investors.com","Banking and Financial Services","#trading,#account","2022-05-18"
"accesshopebk.com","Banking and Financial Services","#bank,#savings,#insurance,#money,#account,#loan,#trading","2022-05-18"
"acm.investments","Banking and Financial Services","#crypto,#blockchain","2022-05-18"
"adkrafters.online","Banking and Financial Services","#payment,#account","2022-05-18"
"aesolutionjobs.com","Banking and Financial Services","","2022-05-18"
"ag22nft.com","Banking and Financial Services","","2022-05-18"
"ai-keiba-plus.com","Banking and Financial Services","","2022-05-18"
"aileba520.net","Banking and Financial Services","","2022-05-18"
"aliguzelbeyoglu.com","Banking and Financial Services","","2022-05-18"
"alltradefund.com","Banking and Financial Services","#fund,#trading,#account","2022-05-18"
"almirhaservices.com","Banking and Financial Services","","2022-05-18"
"amaralottery.com","Banking and Financial Services","#account","2022-05-18"
"amclegacyinvestmentsllc.com","Banking and Financial Services","","2022-05-18"
"andrebertel.com","Banking and Financial Services","","2022-05-18"
"aoteli.net","Banking and Financial Services","","2022-05-18"
"apexglobalbc.com","Banking and Financial Services","#savings,#insurance,#account,#money,#bank,#mortgage","2022-05-18"
"apextcservices.com","Banking and Financial Services","","2022-05-18"
"arbitragecrypto.info","Banking and Financial Services","#crypto,#account,#trading,#money","2022-05-18"
"armesschwein.com","Banking and Financial Services","","2022-05-18"
"astutestridebk.com","Banking and Financial Services","#bank,#savings,#loan,#account,#finance","2022-05-18"
"atlastrustglobal.com","Banking and Financial Services","#savings,#insurance,#account,#bank","2022-05-18"
"awjones.site","Banking and Financial Services","#fund,#insurance","2022-05-18"
"axetrading.site","Banking and Financial Services","#trading","2022-05-18"
"axisbankcorporatebanking.com","Banking and Financial Services","#bank,#loan,#savings,#account,#finance,#insurance,#fund,#pension,#gold,#trading,#payment,#money","2022-05-18"
"aythyacr.com","Banking and Financial Services","","2022-05-18"
"ayxsjc.net","Banking and Financial Services","","2022-05-18"
"band-jaehyun.com","Banking and Financial Services","","2022-05-18"
"bank-account-zone.life","Banking and Financial Services","","2022-05-18"
"barzel-el.com","Banking and Financial Services","#account","2022-05-18"
"bbnbk.online","Banking and Financial Services","#mortgage,#wealth,#account,#bank,#loan,#insurance,#savings","2022-05-18"
"beddycash.com","Banking and Financial Services","#account,#money,#savings,#payment","2022-05-18"
"belanjacod.store","Banking and Financial Services","#account","2022-05-18"
"belanjacodsaja.store","Banking and Financial Services","#account","2022-05-18"
"bella-fi.com","Banking and Financial Services","#savings,#wallet","2022-05-18"
"bendiga.net","Banking and Financial Services","#account","2022-05-18"
"bestmoneyuse.com","Banking and Financial Services","#money","2022-05-18"
"bgmireward1.xyz","Banking and Financial Services","#account","2022-05-18"
"bigfx.online","Banking and Financial Services","#trading,#account,#gold,#bitcoin,#money","2022-05-18"
"bjhhfy.net","Banking and Financial Services","","2022-05-18"
"bjloanservices.online","Banking and Financial Services","#loan,#bank,#insurance","2022-05-18"
"blessingsamuel.com","Banking and Financial Services","","2022-05-18"
"bloggerdonald.com","Banking and Financial Services","#loan,#insurance","2022-05-18"
"blueroad.tours","Banking and Financial Services","#payment,#account","2022-05-18"
"bmohbk.com","Banking and Financial Services","#mortgage,#wealth,#account,#bank,#loan,#insurance,#savings","2022-05-18"
"bq368.com","Banking and Financial Services","","2022-05-18"
"bradleyjadrian.xyz","Banking and Financial Services","#account","2022-05-18"
"bradleyjvian.xyz","Banking and Financial Services","#account","2022-05-18"
"briansclub.pro","Banking and Financial Services","#account","2022-05-18"
"bristol-ac-uk.com","Banking and Financial Services","","2022-05-18"
"buildcredit.biz","Banking and Financial Services","#loan,#bank,#savings,#account,#payment","2022-05-18"
"buildcredit.business","Banking and Financial Services","#loan,#bank,#savings,#account,#payment","2022-05-18"
"businessbuildersschool.com","Banking and Financial Services","#insurance","2022-05-18"
"businessfinance.top","Banking and Financial Services","#finance,#bank,#loan,#savings,#coinbase,#cryptocurrency,#trading,#account,#crypto,#money,#payment","2022-05-18"
"buystock442.com","Banking and Financial Services","#money,#crypto,#cryptocurrency,#account,#gold,#payment","2022-05-18"
"calm-box-02.xyz","Banking and Financial Services","","2022-05-18"
"cascadenorthernmortgagewa.com","Banking and Financial Services","#mortgage,#loan","2022-05-18"
"catania-allen.art","Banking and Financial Services","","2022-05-18"
"cchfunding.site","Banking and Financial Services","","2022-05-18"
"ccxst.net","Banking and Financial Services","","2022-05-18"
"cdwjj.net","Banking and Financial Services","","2022-05-18"
"certitudecrestinv.com","Banking and Financial Services","#account","2022-05-18"
"ciitigrouupinvestment.com","Banking and Financial Services","#savings,#mortgage,#money,#account,#bank,#insurance,#wealth","2022-05-18"
"cit1auth.com","Banking and Financial Services","#account","2022-05-18"
"cit1bauth.com","Banking and Financial Services","#account","2022-05-18"
"cit1risc.com","Banking and Financial Services","#account","2022-05-18"
"citgldhelp.com","Banking and Financial Services","#account","2022-05-18"
"citi15help.com","Banking and Financial Services","#account","2022-05-18"
"cmujobsonline.online","Banking and Financial Services","#money,#bank","2022-05-18"
"cnadm.net","Banking and Financial Services","","2022-05-18"
"coinbeap.com","Banking and Financial Services","#money,#cryptocurrency,#gold,#payment,#wallet,#account,#bitcoin","2022-05-18"
"comparisonology.com","Banking and Financial Services","#insurance,#savings,#mortgage,#trading","2022-05-18"
"comparisonology.net","Banking and Financial Services","#insurance,#savings,#mortgage,#trading","2022-05-18"
"crdebit.online","Banking and Financial Services","#account","2022-05-18"
"crdt.today","Banking and Financial Services","#loan,#money,#account,#debt,#bank,#payment,#finance","2022-05-18"
"creditinlandtb.com","Banking and Financial Services","#bank,#savings,#account,#finance,#mortgage,#loan,#money,#wealth","2022-05-18"
"credito-pfs.com","Banking and Financial Services","#bank,#money,#account","2022-05-18"
"criptobusinessoficial.com","Banking and Financial Services","","2022-05-18"
"crispyzencannon.com","Banking and Financial Services","","2022-05-18"
"cruisetrust.online","Banking and Financial Services","#account,#bank,#savings,#money,#loan,#mortgage,#fund,#wealth,#insurance,#finance,#payment","2022-05-18"
"cryptoexperttradeltd.com","Banking and Financial Services","#cryptocurrency,#trading,#account,#wallet,#insurance,#money,#bitcoin,#bank,#payment,#loan,#ethereum","2022-05-18"
"cryptoforextradeinvest.com","Banking and Financial Services","#money,#cryptocurrency,#crypto,#gold,#payment,#wallet,#account,#bitcoin,#trading,#bank","2022-05-18"
"cryptovvip.com","Banking and Financial Services","#trading","2022-05-18"
"cryptowallglobalfinance.com","Banking and Financial Services","#finance,#trading,#account,#crypto,#loan,#gold,#wealth,#fund,#insurance,#bitcoin","2022-05-18"
"damien-musset.com","Banking and Financial Services","","2022-05-18"
"dangdao.net","Banking and Financial Services","","2022-05-18"
"daveplaygamesdev.com","Banking and Financial Services","","2022-05-18"
"dbsmenasa.com","Banking and Financial Services","#account","2022-05-18"
"debitmannagement.com","Banking and Financial Services","#debt,#payment,#money","2022-05-18"
"dedits.com","Banking and Financial Services","","2022-05-18"
"deltarocktb.com","Banking and Financial Services","#bank","2022-05-18"
"destinationdubai.online","Banking and Financial Services","","2022-05-18"
"digitalnii.com","Banking and Financial Services","#account,#money","2022-05-18"
"dilshan.store","Banking and Financial Services","#account","2022-05-18"
"earnmoneyprofits.com","Banking and Financial Services","#money,#finance,#account,#insurance,#bank","2022-05-18"
"edmprocovermoto.com","Banking and Financial Services","#bank","2022-05-18"
"educa.fund","Banking and Financial Services","#fund","2022-05-18"
"eelelevtalkyoubae.online","Banking and Financial Services","#money","2022-05-18"
"emcnational.life","Banking and Financial Services","#insurance,#payment,#fund,#account,#savings","2022-05-18"
"entune.media","Banking and Financial Services","","2022-05-18"
"ericbone.xyz","Banking and Financial Services","#account","2022-05-18"
"eurokapitalgroup.com","Banking and Financial Services","#fund,#loan,#debt","2022-05-18"
"evolifebusiness.com","Banking and Financial Services","#debt,#trading","2022-05-18"
"evri-ukparcels.com","Banking and Financial Services","#account","2022-05-18"
"fashift.com","Banking and Financial Services","#cryptocurrency,#trading,#account,#wallet,#insurance,#money,#bitcoin,#payment,#loan,#bank,#ethereum","2022-05-18"
"fba.ink","Banking and Financial Services","","2022-05-18"
"ferneligroup.online","Banking and Financial Services","","2022-05-18"
"ferro-group.net","Banking and Financial Services","#bank,#account,#payment,#loan,#pension,#money","2022-05-18"
"fieldguidetoglobalpayments.com","Banking and Financial Services","#finance,#money,#payment,#account","2022-05-18"
"financewiren.com","Banking and Financial Services","#finance,#insurance,#loan,#money","2022-05-18"
"findjobgreat.online","Banking and Financial Services","#money","2022-05-18"
"firstabudb.com","Banking and Financial Services","#account,#money,#bank,#wealth,#finance,#loan","2022-05-18"
"fisherfinal4.online","Banking and Financial Services","#payment,#account","2022-05-18"
"flamme-pho.com","Banking and Financial Services","","2022-05-18"
"flinttradingdesk.com","Banking and Financial Services","#trading,#crypto,#finance","2022-05-18"
"fred-hunter.com","Banking and Financial Services","","2022-05-18"
"freeaccs.club","Banking and Financial Services","#gold","2022-05-18"
"gabrielgribincea.com","Banking and Financial Services","","2022-05-18"
"gannonnordberg.net","Banking and Financial Services","#account","2022-05-18"
"gbfundz.com","Banking and Financial Services","#payment,#finance,#bank","2022-05-18"
"gec.expert","Banking and Financial Services","#gold,#account","2022-05-18"
"gentingcasino365.com","Banking and Financial Services","","2022-05-18"
"geordette.com","Banking and Financial Services","","2022-05-18"
"get-bitcoins.xyz","Banking and Financial Services","#bitcoin,#money,#wallet,#payment","2022-05-18"
"gettraffic-web.xyz","Banking and Financial Services","#account","2022-05-18"
"globalbaic.com","Banking and Financial Services","","2022-05-18"
"goldtoothdino.com","Banking and Financial Services","#gold","2022-05-18"
"grandclovbnk.com","Banking and Financial Services","#bank,#account,#savings,#money,#loan,#mortgage,#fund,#wealth,#insurance,#finance,#payment","2022-05-18"
"gridscryex.online","Banking and Financial Services","#money,#cryptocurrency,#payment,#wallet,#account","2022-05-18"
"haogkm.com","Banking and Financial Services","#bank","2022-05-18"
"harrisholdingsfirm.com","Banking and Financial Services","#payment,#money","2022-05-18"
"harukisejima.photos","Banking and Financial Services","","2022-05-18"
"hatran.xyz","Banking and Financial Services","","2022-05-18"
"heipayments.com","Banking and Financial Services","#payment","2022-05-18"
"horizoncmerchantplc.com","Banking and Financial Services","#money,#savings,#account,#bank,#insurance,#fund","2022-05-18"
"ibusinessfinders.com","Banking and Financial Services","","2022-05-18"
"iegcapitalventures.com","Banking and Financial Services","#wealth,#debt,#account,#fund,#bank","2022-05-18"
"indern0888.online","Banking and Financial Services","#money,#fund","2022-05-18"
"indialoanwala.com","Banking and Financial Services","#loan,#insurance,#bank,#mortgage,#money","2022-05-18"
"integratedfees.com","Banking and Financial Services","#payment,#account","2022-05-18"
"internationalmetrofnc.site","Banking and Financial Services","#account,#bank,#money,#fund,#loan,#payment","2022-05-18"
"intl-ssbnk.com","Banking and Financial Services","#savings,#money,#bank,#account,#loan,#payment,#mortgage","2022-05-18"
"investguided.com","Banking and Financial Services","#account,#savings","2022-05-18"
"investorscu-b.online","Banking and Financial Services","#mortgage,#loan,#savings,#account,#wealth,#money","2022-05-18"
"invmgmt.site","Banking and Financial Services","","2022-05-18"
"irishfinace.com","Banking and Financial Services","#money,#account,#savings,#bank,#wealth,#insurance","2022-05-18"
"iveterate.com","Banking and Financial Services","#loan","2022-05-18"
"j2bonline.com","Banking and Financial Services","#bank,#account","2022-05-18"
"jannatitsource.xyz","Banking and Financial Services","#account","2022-05-18"
"jexiptv.com","Banking and Financial Services","#account","2022-05-18"
"jimnbv.xyz","Banking and Financial Services","#account","2022-05-18"
"jklynas.com","Banking and Financial Services","","2022-05-18"
"johnsonsinsurancecoverage.com","Banking and Financial Services","#insurance","2022-05-18"
"katarinaphotography.art","Banking and Financial Services","","2022-05-18"
"keivbc.xyz","Banking and Financial Services","#account","2022-05-18"
"keystonehearings.online","Banking and Financial Services","#payment,#account","2022-05-18"
"keywaysaving.com","Banking and Financial Services","#account,#money,#loan,#wealth","2022-05-18"
"kijiopiuui.site","Banking and Financial Services","","2022-05-18"
"kmnbc.xyz","Banking and Financial Services","#account","2022-05-18"
"koimnf.xyz","Banking and Financial Services","#account","2022-05-18"
"kumikokikuchi03.com","Banking and Financial Services","#insurance","2022-05-18"
"kussofor.com","Banking and Financial Services","#account","2022-05-18"
"laderafinancialgroup.com","Banking and Financial Services","#loan","2022-05-18"
"lafloristeriah.com","Banking and Financial Services","#account","2022-05-18"
"landfundbank.com","Banking and Financial Services","#fund,#bank,#money,#account,#swap","2022-05-18"
